datetime,title,views,diff_views,likes,comments,video_id
2026-03-02 06:05:00,光源,290262,0,17582,2976,7pusekGNE-o
2026-03-02 06:05:00,The growing up train,1263378,0,36158,14850,Rk54JNn7Qw4
2026-03-02 06:05:00,木枯らしは泣かない,1014543,0,22352,4713,aQ1iXj4oXfI
2026-03-02 06:05:00,Unhappy birthday構文,3447023,0,46979,29295,hBfDlIN0WtI
2026-03-02 06:05:00,Alter ego,1227877,0,22511,4218,gQ7l_hav-bA
2026-03-02 06:05:00,港区パセリ,1801714,0,23895,5590,aLu4oyQ2zdw
2026-03-02 06:05:00,死んだふり,1716149,0,30933,5156,WNH_ReRMt5k
2026-03-02 06:05:00,Make or Break,2944923,0,42492,13168,nTxTTZ0QLrI
2026-03-02 06:05:00,Addiction,3193816,0,43811,10135,ReuFa_D1Vok
2026-03-02 06:05:00,Nightmare症候群,1939595,0,32455,6488,Grx5AhU14QU
2026-03-02 06:05:00,Nothing special,1487124,0,25117,5345,WdUBD5slEnc
2026-03-02 06:05:00,UDAGAWA GENERATION,5918878,0,58397,22544,qP52sh7PzYA
2026-03-02 06:05:00,本質的なこと,2574525,0,33178,6055,iZhbx2mcmug
2026-03-02 06:05:00,僕は僕を好きになれない,1933281,0,29658,8757,Ktu_LGjGd7A
2026-03-02 06:05:00,引きこもる時間はない,1966298,0,26203,4464,KYvq8-xY1Gg
2026-03-02 06:05:00,愛し合いなさい,1550902,0,24583,5810,MAP3cnAexxM
2026-03-02 06:05:00,自業自得,9198231,0,80241,49582,Rs-Y9MtHsoo
2026-03-02 06:05:00,何度　LOVE SONGの歌詞を読み返しただろう,4028539,0,36781,6742,tltXZSiAAdQ
2026-03-02 06:05:00,油を注せ！,2097673,0,27522,11394,x9a0_2aGeWU
2026-03-02 06:05:00,何歳の頃に戻りたいのか？,9037766,0,70804,27030,7xx66mR_HeE
2026-03-02 06:05:00,君がサヨナラ言えたって・・・,1329891,0,26182,4731,1SQWKDr_GfA
2026-03-02 06:05:00,隙間風よ,2846278,0,31804,8982,5Z4emyH-fME
2026-03-02 06:05:00,マモリビト,2761474,0,30602,9391,I8JZbNTl5rM
2026-03-02 06:05:00,承認欲求,8422672,0,70287,24834,x_BjvhMW9TE
2026-03-02 06:05:00,ドローン旋回中,2612254,0,31084,6110,rNwzfyr07SM
2026-03-02 06:05:00,静寂の暴力,6405743,0,52821,11878,uhbvX4GUrpE
2026-03-02 06:05:00,Start over!,14297021,0,107963,64513,YJRFD1AdaUE
2026-03-02 06:05:00,夏の近道,8390016,0,55328,12188,nV1DHIWSdEo
2026-03-02 06:05:00,Cool,3886696,0,38141,10893,XEKPn3WbksE
2026-03-02 06:05:00,桜月,10473473,0,68682,28882,zKLgrxHDgls
2026-03-02 06:05:00,その日まで,2596688,0,55278,5242,F2lWsUJotmc
2026-03-02 06:05:00,摩擦係数,9624070,0,72618,14177,D8piCp9XMKA
2026-03-02 06:05:00,車間距離,2257336,0,28854,3220,MKXSWXlSOB0
2026-03-02 06:05:00,僕のジレンマ,3787647,0,48075,5483,ZBk4V-uqcXs
2026-03-02 06:05:00,五月雨よ,8962469,0,72298,12749,3boaeE3dwMs
2026-03-02 06:05:00,無言の宇宙,6368201,0,53587,7427,7GZGTse6dUs
2026-03-02 06:05:00,Dead end,5612369,0,54012,7120,FEfJB32wvsk
2026-03-02 06:05:00,流れ弾,11354124,0,91790,22333,drCopBcrxRM
2026-03-02 06:05:00,思ったよりも寂しくない,4708780,0,51328,6372,D0W44Z3D3wo
2026-03-02 06:05:00,偶然の答え,5524956,0,58653,8006,_ZCf_iLMwn0
2026-03-02 06:05:00,BAN,13860412,0,97404,18303,fPZ37t3nvco
2026-03-02 06:05:00,Buddies,5775015,0,63000,9148,yT5S7Cy5cCE
2026-03-02 06:05:00,なぜ　恋をして来なかったんだろう？,14212538,0,110146,16958,S4gEJIyLHlM
2026-03-02 06:05:00,Nobady's fault,8394393,0,98682,15249,fagRTasDcKo
2026-03-02 07:13:37,光源,291996,0,17620,2984,7pusekGNE-o
2026-03-02 07:13:37,The growing up train,1264457,0,36162,14851,Rk54JNn7Qw4
2026-03-02 07:13:37,木枯らしは泣かない,1014543,0,22352,4713,aQ1iXj4oXfI
2026-03-02 07:13:37,Unhappy birthday構文,3447313,0,46978,29295,hBfDlIN0WtI
2026-03-02 07:13:37,Alter ego,1227981,0,22512,4218,gQ7l_hav-bA
2026-03-02 07:13:37,港区パセリ,1801829,0,23895,5590,aLu4oyQ2zdw
2026-03-02 07:13:37,死んだふり,1716230,0,30933,5156,WNH_ReRMt5k
2026-03-02 07:13:37,Make or Break,2945067,0,42491,13168,nTxTTZ0QLrI
2026-03-02 07:13:37,Addiction,3193934,0,43810,10135,ReuFa_D1Vok
2026-03-02 07:13:37,Nightmare症候群,1939661,0,32454,6488,Grx5AhU14QU
2026-03-02 07:13:37,Nothing special,1487176,0,25116,5345,WdUBD5slEnc
2026-03-02 07:13:37,UDAGAWA GENERATION,5919093,0,58397,22544,qP52sh7PzYA
2026-03-02 07:13:37,本質的なこと,2574621,0,33177,6055,iZhbx2mcmug
2026-03-02 07:13:37,僕は僕を好きになれない,1933326,0,29658,8757,Ktu_LGjGd7A
2026-03-02 07:13:37,引きこもる時間はない,1966329,0,26202,4464,KYvq8-xY1Gg
2026-03-02 07:13:37,愛し合いなさい,1550925,0,24582,5810,MAP3cnAexxM
2026-03-02 07:13:37,自業自得,9198351,0,80239,49582,Rs-Y9MtHsoo
2026-03-02 07:13:37,何度　LOVE SONGの歌詞を読み返しただろう,4028628,0,36781,6742,tltXZSiAAdQ
2026-03-02 07:13:37,油を注せ！,2097719,0,27522,11394,x9a0_2aGeWU
2026-03-02 07:13:37,何歳の頃に戻りたいのか？,9037899,0,70803,27030,7xx66mR_HeE
2026-03-02 07:13:37,君がサヨナラ言えたって・・・,1329911,0,26181,4731,1SQWKDr_GfA
2026-03-02 07:13:37,隙間風よ,2846311,0,31803,8982,5Z4emyH-fME
2026-03-02 07:13:37,マモリビト,2761502,0,30601,9391,I8JZbNTl5rM
2026-03-02 07:13:37,承認欲求,8422753,0,70285,24834,x_BjvhMW9TE
2026-03-02 07:13:37,ドローン旋回中,2612292,0,31083,6110,rNwzfyr07SM
2026-03-02 07:13:37,静寂の暴力,6405873,0,52821,11878,uhbvX4GUrpE
2026-03-02 07:13:37,Start over!,14297210,0,107962,64513,YJRFD1AdaUE
2026-03-02 07:13:37,夏の近道,8390148,0,55327,12188,nV1DHIWSdEo
2026-03-02 07:13:37,Cool,3886718,0,38140,10893,XEKPn3WbksE
2026-03-02 07:13:37,桜月,10473667,0,68682,28882,zKLgrxHDgls
2026-03-02 07:13:37,その日まで,2596711,0,55277,5242,F2lWsUJotmc
2026-03-02 07:13:37,摩擦係数,9624141,0,72617,14177,D8piCp9XMKA
2026-03-02 07:13:37,車間距離,2257391,0,28853,3221,MKXSWXlSOB0
2026-03-02 07:13:37,僕のジレンマ,3787676,0,48074,5483,ZBk4V-uqcXs
2026-03-02 07:13:37,五月雨よ,8962529,0,72298,12749,3boaeE3dwMs
2026-03-02 07:13:37,無言の宇宙,6368234,0,53586,7427,7GZGTse6dUs
2026-03-02 07:13:37,Dead end,5612432,0,54011,7120,FEfJB32wvsk
2026-03-02 07:13:37,流れ弾,11354178,0,91789,22333,drCopBcrxRM
2026-03-02 07:13:37,思ったよりも寂しくない,4708861,0,51327,6372,D0W44Z3D3wo
2026-03-02 07:13:37,偶然の答え,5525057,0,58652,8006,_ZCf_iLMwn0
2026-03-02 07:13:37,BAN,13860483,0,97403,18303,fPZ37t3nvco
2026-03-02 07:13:37,Buddies,5775058,0,62999,9148,yT5S7Cy5cCE
2026-03-02 07:13:37,なぜ　恋をして来なかったんだろう？,14212605,0,110145,16958,S4gEJIyLHlM
2026-03-02 07:13:37,Nobady's fault,8394422,0,98681,15249,fagRTasDcKo
2026-03-02 18:00:00,光源,295607,3611,17687,3009,7pusekGNE-o
2026-03-02 18:00:00,The growing up train,1266607,2150,36171,14859,Rk54JNn7Qw4
2026-03-02 18:00:00,木枯らしは泣かない,1014793,250,22352,4713,aQ1iXj4oXfI
2026-03-02 18:00:00,Unhappy birthday構文,3447890,577,46979,29297,hBfDlIN0WtI
2026-03-02 18:00:00,Alter ego,1228243,262,22515,4218,gQ7l_hav-bA
2026-03-02 18:00:00,港区パセリ,1802056,227,23895,5590,aLu4oyQ2zdw
2026-03-02 18:00:00,死んだふり,1716434,204,30933,5157,WNH_ReRMt5k
2026-03-02 18:00:00,Make or Break,2945378,311,42491,13168,nTxTTZ0QLrI
2026-03-02 18:00:00,Addiction,3194205,271,43812,10134,ReuFa_D1Vok
2026-03-02 18:00:00,Nightmare症候群,1939822,161,32455,6488,Grx5AhU14QU
2026-03-02 18:00:00,Nothing special,1487289,113,25117,5345,WdUBD5slEnc
2026-03-02 18:00:00,UDAGAWA GENERATION,5919529,436,58398,22545,qP52sh7PzYA
2026-03-02 18:00:00,本質的なこと,2574804,183,33177,6055,iZhbx2mcmug
2026-03-02 18:00:00,僕は僕を好きになれない,1933390,64,29658,8757,Ktu_LGjGd7A
2026-03-02 18:00:00,引きこもる時間はない,1966347,18,26203,4464,KYvq8-xY1Gg
2026-03-02 18:00:00,愛し合いなさい,1550949,24,24582,5810,MAP3cnAexxM
2026-03-02 18:00:00,自業自得,9198654,303,80240,49582,Rs-Y9MtHsoo
2026-03-02 18:00:00,何度　LOVE SONGの歌詞を読み返しただろう,4028840,212,36781,6742,tltXZSiAAdQ
2026-03-02 18:00:00,油を注せ！,2097842,123,27522,11394,x9a0_2aGeWU
2026-03-02 18:00:00,何歳の頃に戻りたいのか？,9038198,299,70806,27030,7xx66mR_HeE
2026-03-02 18:00:00,君がサヨナラ言えたって・・・,1329914,3,26181,4731,1SQWKDr_GfA
2026-03-02 18:00:00,隙間風よ,2846340,29,31804,8982,5Z4emyH-fME
2026-03-02 18:00:00,マモリビト,2761506,4,30601,9391,I8JZbNTl5rM
2026-03-02 18:00:00,承認欲求,8422942,189,70285,24834,x_BjvhMW9TE
2026-03-02 18:00:00,ドローン旋回中,2612336,44,31083,6110,rNwzfyr07SM
2026-03-02 18:00:00,静寂の暴力,6406101,228,52822,11878,uhbvX4GUrpE
2026-03-02 18:00:00,Start over!,14297618,408,107963,64513,YJRFD1AdaUE
2026-03-02 18:00:00,夏の近道,8390394,246,55332,12188,nV1DHIWSdEo
2026-03-02 18:00:00,Cool,3886871,153,38141,10893,XEKPn3WbksE
2026-03-02 18:00:00,桜月,10474035,368,68687,28882,zKLgrxHDgls
2026-03-02 18:00:00,その日まで,2596759,48,55278,5242,F2lWsUJotmc
2026-03-02 18:00:00,摩擦係数,9624287,146,72618,14177,D8piCp9XMKA
2026-03-02 18:00:00,車間距離,2257400,9,28853,3221,MKXSWXlSOB0
2026-03-02 18:00:00,僕のジレンマ,3787691,15,48074,5483,ZBk4V-uqcXs
2026-03-02 18:00:00,五月雨よ,8962711,182,72298,12749,3boaeE3dwMs
2026-03-02 18:00:00,無言の宇宙,6368310,76,53589,7427,7GZGTse6dUs
2026-03-02 18:00:00,Dead end,5612491,59,54012,7119,FEfJB32wvsk
2026-03-02 18:00:00,流れ弾,11354313,135,91791,22333,drCopBcrxRM
2026-03-02 18:00:00,思ったよりも寂しくない,4708937,76,51326,6372,D0W44Z3D3wo
2026-03-02 18:00:00,偶然の答え,5525090,33,58653,8006,_ZCf_iLMwn0
2026-03-02 18:00:00,BAN,13860622,139,97404,18303,fPZ37t3nvco
2026-03-02 18:00:00,Buddies,5775111,53,63000,9148,yT5S7Cy5cCE
2026-03-02 18:00:00,なぜ　恋をして来なかったんだろう？,14212662,57,110146,16958,S4gEJIyLHlM
2026-03-02 18:00:00,Nobady's fault,8394430,8,98682,15249,fagRTasDcKo
2026-03-02 19:36:03,光源,297372,1765,17720,3022,7pusekGNE-o
2026-03-02 19:36:03,The growing up train,1267719,1112,36172,14860,Rk54JNn7Qw4
2026-03-02 19:36:03,木枯らしは泣かない,1014725,-68,22352,4713,aQ1iXj4oXfI
2026-03-02 19:36:03,Unhappy birthday構文,3448209,319,46979,29297,hBfDlIN0WtI
2026-03-02 19:36:03,Alter ego,1228364,121,22516,4218,gQ7l_hav-bA
2026-03-02 19:36:03,港区パセリ,1802169,113,23895,5590,aLu4oyQ2zdw
2026-03-02 19:36:03,死んだふり,1716540,106,30932,5157,WNH_ReRMt5k
2026-03-02 19:36:03,Make or Break,2945515,137,42491,13168,nTxTTZ0QLrI
2026-03-02 19:36:03,Addiction,3194343,138,43811,10134,ReuFa_D1Vok
2026-03-02 19:36:03,Nightmare症候群,1939919,97,32455,6488,Grx5AhU14QU
2026-03-02 19:36:03,Nothing special,1487340,51,25117,5345,WdUBD5slEnc
2026-03-02 19:36:03,UDAGAWA GENERATION,5919771,242,58399,22545,qP52sh7PzYA
2026-03-02 19:36:03,本質的なこと,2574899,95,33179,6055,iZhbx2mcmug
2026-03-02 19:36:03,僕は僕を好きになれない,1933427,37,29658,8757,Ktu_LGjGd7A
2026-03-02 19:36:03,引きこもる時間はない,1966347,0,26203,4464,KYvq8-xY1Gg
2026-03-02 19:36:03,愛し合いなさい,1550949,0,24582,5810,MAP3cnAexxM
2026-03-02 19:36:03,自業自得,9198805,151,80239,49585,Rs-Y9MtHsoo
2026-03-02 19:36:03,何度　LOVE SONGの歌詞を読み返しただろう,4028928,88,36782,6742,tltXZSiAAdQ
2026-03-02 19:36:03,油を注せ！,2097878,36,27522,11394,x9a0_2aGeWU
2026-03-02 19:36:03,何歳の頃に戻りたいのか？,9038340,142,70805,27030,7xx66mR_HeE
2026-03-02 19:36:03,君がサヨナラ言えたって・・・,1329963,49,26181,4731,1SQWKDr_GfA
2026-03-02 19:36:03,隙間風よ,2846340,0,31804,8982,5Z4emyH-fME
2026-03-02 19:36:03,マモリビト,2761606,100,30600,9392,I8JZbNTl5rM
2026-03-02 19:36:03,承認欲求,8423028,86,70285,24834,x_BjvhMW9TE
2026-03-02 19:36:03,ドローン旋回中,2612336,0,31083,6110,rNwzfyr07SM
2026-03-02 19:36:03,静寂の暴力,6406213,112,52822,11878,uhbvX4GUrpE
2026-03-02 19:36:03,Start over!,14297813,195,107963,64513,YJRFD1AdaUE
2026-03-02 19:36:03,夏の近道,8390530,136,55333,12188,nV1DHIWSdEo
2026-03-02 19:36:03,Cool,3886940,69,38140,10893,XEKPn3WbksE
2026-03-02 19:36:03,桜月,10474187,152,68688,28882,zKLgrxHDgls
2026-03-02 19:36:03,その日まで,2596783,24,55278,5242,F2lWsUJotmc
2026-03-02 19:36:03,摩擦係数,9624347,60,72617,14177,D8piCp9XMKA
2026-03-02 19:36:03,車間距離,2257400,0,28853,3221,MKXSWXlSOB0
2026-03-02 19:36:03,僕のジレンマ,3787691,0,48074,5483,ZBk4V-uqcXs
2026-03-02 19:36:03,五月雨よ,8962766,55,72298,12749,3boaeE3dwMs
2026-03-02 19:36:03,無言の宇宙,6368310,0,53589,7427,7GZGTse6dUs
2026-03-02 19:36:03,Dead end,5612530,39,54011,7119,FEfJB32wvsk
2026-03-02 19:36:03,流れ弾,11354377,64,91791,22333,drCopBcrxRM
2026-03-02 19:36:03,思ったよりも寂しくない,4708937,0,51326,6372,D0W44Z3D3wo
2026-03-02 19:36:03,偶然の答え,5525158,68,58653,8006,_ZCf_iLMwn0
2026-03-02 19:36:03,BAN,13860698,76,97403,18303,fPZ37t3nvco
2026-03-02 19:36:03,Buddies,5775125,14,63000,9148,yT5S7Cy5cCE
2026-03-02 19:36:03,なぜ　恋をして来なかったんだろう？,14212814,152,110145,16958,S4gEJIyLHlM
2026-03-02 19:36:03,Nobady's fault,8394430,0,98682,15249,fagRTasDcKo
2026-03-02 20:27:04,光源,299359,1987,17749,3033,7pusekGNE-o
2026-03-02 20:27:04,The growing up train,1268843,1124,36175,14861,Rk54JNn7Qw4
2026-03-02 20:27:04,木枯らしは泣かない,1015049,324,22352,4714,aQ1iXj4oXfI
2026-03-02 20:27:04,Unhappy birthday構文,3448517,308,46979,29298,hBfDlIN0WtI
2026-03-02 20:27:04,Alter ego,1228486,122,22517,4218,gQ7l_hav-bA
2026-03-02 20:27:04,港区パセリ,1802277,108,23896,5590,aLu4oyQ2zdw
2026-03-02 20:27:04,死んだふり,1716642,102,30932,5157,WNH_ReRMt5k
2026-03-02 20:27:04,Make or Break,2945674,159,42491,13168,nTxTTZ0QLrI
2026-03-02 20:27:04,Addiction,3194483,140,43811,10135,ReuFa_D1Vok
2026-03-02 20:27:04,Nightmare症候群,1939997,78,32455,6488,Grx5AhU14QU
2026-03-02 20:27:04,Nothing special,1487383,43,25117,5345,WdUBD5slEnc
2026-03-02 20:27:04,UDAGAWA GENERATION,5920009,238,58398,22545,qP52sh7PzYA
2026-03-02 20:27:04,本質的なこと,2574988,89,33181,6055,iZhbx2mcmug
2026-03-02 20:27:04,僕は僕を好きになれない,1933390,-37,29658,8757,Ktu_LGjGd7A
2026-03-02 20:27:04,引きこもる時間はない,1966459,112,26205,4464,KYvq8-xY1Gg
2026-03-02 20:27:04,愛し合いなさい,1550998,49,24582,5810,MAP3cnAexxM
2026-03-02 20:27:04,自業自得,9198963,158,80239,49585,Rs-Y9MtHsoo
2026-03-02 20:27:04,何度　LOVE SONGの歌詞を読み返しただろう,4029031,103,36782,6742,tltXZSiAAdQ
2026-03-02 20:27:04,油を注せ！,2097878,0,27522,11394,x9a0_2aGeWU
2026-03-02 20:27:04,何歳の頃に戻りたいのか？,9038489,149,70805,27030,7xx66mR_HeE
2026-03-02 20:27:04,君がサヨナラ言えたって・・・,1329963,0,26181,4731,1SQWKDr_GfA
2026-03-02 20:27:04,隙間風よ,2846451,111,31804,8982,5Z4emyH-fME
2026-03-02 20:27:04,マモリビト,2761625,19,30600,9392,I8JZbNTl5rM
2026-03-02 20:27:04,承認欲求,8423112,84,70285,24834,x_BjvhMW9TE
2026-03-02 20:27:04,ドローン旋回中,2612336,0,31083,6110,rNwzfyr07SM
2026-03-02 20:27:04,静寂の暴力,6406328,115,52822,11878,uhbvX4GUrpE
2026-03-02 20:27:04,Start over!,14297996,183,107963,64513,YJRFD1AdaUE
2026-03-02 20:27:04,夏の近道,8390658,128,55334,12188,nV1DHIWSdEo
2026-03-02 20:27:04,Cool,3887008,68,38142,10893,XEKPn3WbksE
2026-03-02 20:27:04,桜月,10474374,187,68688,28882,zKLgrxHDgls
2026-03-02 20:27:04,その日まで,2596783,0,55278,5242,F2lWsUJotmc
2026-03-02 20:27:04,摩擦係数,9624422,75,72617,14177,D8piCp9XMKA
2026-03-02 20:27:04,車間距離,2257457,57,28853,3221,MKXSWXlSOB0
2026-03-02 20:27:04,僕のジレンマ,3787767,76,48074,5483,ZBk4V-uqcXs
2026-03-02 20:27:04,五月雨よ,8962766,0,72298,12749,3boaeE3dwMs
2026-03-02 20:27:04,無言の宇宙,6368310,0,53589,7427,7GZGTse6dUs
2026-03-02 20:27:04,Dead end,5612530,0,54011,7119,FEfJB32wvsk
2026-03-02 20:27:04,流れ弾,11354447,70,91791,22333,drCopBcrxRM
2026-03-02 20:27:04,思ったよりも寂しくない,4708937,0,51326,6372,D0W44Z3D3wo
2026-03-02 20:27:04,偶然の答え,5525175,17,58653,8006,_ZCf_iLMwn0
2026-03-02 20:27:04,BAN,13860765,67,97403,18303,fPZ37t3nvco
2026-03-02 20:27:04,Buddies,5775125,0,63000,9148,yT5S7Cy5cCE
2026-03-02 20:27:04,なぜ　恋をして来なかったんだろう？,14212870,56,110145,16958,S4gEJIyLHlM
2026-03-02 20:27:04,Nobady's fault,8394503,73,98682,15249,fagRTasDcKo
2026-03-02 21:35:42,光源,301540,2181,17806,3061,7pusekGNE-o
2026-03-02 21:35:42,The growing up train,1270140,1297,36177,14869,Rk54JNn7Qw4
2026-03-02 21:35:42,木枯らしは泣かない,1015170,121,22352,4714,aQ1iXj4oXfI
2026-03-02 21:35:42,Unhappy birthday構文,3448785,268,46980,29299,hBfDlIN0WtI
2026-03-02 21:35:42,Alter ego,1228621,135,22518,4219,gQ7l_hav-bA
2026-03-02 21:35:42,港区パセリ,1802402,125,23896,5590,aLu4oyQ2zdw
2026-03-02 21:35:42,死んだふり,1716737,95,30934,5157,WNH_ReRMt5k
2026-03-02 21:35:42,Make or Break,2945825,151,42491,13168,nTxTTZ0QLrI
2026-03-02 21:35:42,Addiction,3194614,131,43811,10135,ReuFa_D1Vok
2026-03-02 21:35:42,Nightmare症候群,1940096,99,32455,6490,Grx5AhU14QU
2026-03-02 21:35:42,Nothing special,1487437,54,25117,5345,WdUBD5slEnc
2026-03-02 21:35:42,UDAGAWA GENERATION,5920230,221,58400,22545,qP52sh7PzYA
2026-03-02 21:35:42,本質的なこと,2575078,90,33182,6055,iZhbx2mcmug
2026-03-02 21:35:42,僕は僕を好きになれない,1933427,37,29658,8757,Ktu_LGjGd7A
2026-03-02 21:35:42,引きこもる時間はない,1966509,50,26205,4465,KYvq8-xY1Gg
2026-03-02 21:35:42,愛し合いなさい,1551023,25,24582,5810,MAP3cnAexxM
2026-03-02 21:35:42,自業自得,9199093,130,80239,49585,Rs-Y9MtHsoo
2026-03-02 21:35:42,何度　LOVE SONGの歌詞を読み返しただろう,4029146,115,36782,6742,tltXZSiAAdQ
2026-03-02 21:35:42,油を注せ！,2097981,103,27522,11394,x9a0_2aGeWU
2026-03-02 21:35:42,何歳の頃に戻りたいのか？,9038632,143,70806,27030,7xx66mR_HeE
2026-03-02 21:35:42,君がサヨナラ言えたって・・・,1329963,0,26181,4731,1SQWKDr_GfA
2026-03-02 21:35:42,隙間風よ,2846454,3,31804,8982,5Z4emyH-fME
2026-03-02 21:35:42,マモリビト,2761679,54,30601,9392,I8JZbNTl5rM
2026-03-02 21:35:42,承認欲求,8423200,88,70285,24835,x_BjvhMW9TE
2026-03-02 21:35:42,ドローン旋回中,2612474,138,31083,6110,rNwzfyr07SM
2026-03-02 21:35:42,静寂の暴力,6406361,33,52821,11878,uhbvX4GUrpE
2026-03-02 21:35:42,Start over!,14298197,201,107964,64515,YJRFD1AdaUE
2026-03-02 21:35:42,夏の近道,8390771,113,55336,12188,nV1DHIWSdEo
2026-03-02 21:35:42,Cool,3887085,77,38142,10893,XEKPn3WbksE
2026-03-02 21:35:42,桜月,10474544,170,68688,28882,zKLgrxHDgls
2026-03-02 21:35:42,その日まで,2596783,0,55278,5242,F2lWsUJotmc
2026-03-02 21:35:42,摩擦係数,9624487,65,72616,14177,D8piCp9XMKA
2026-03-02 21:35:42,車間距離,2257477,20,28854,3221,MKXSWXlSOB0
2026-03-02 21:35:42,僕のジレンマ,3787811,44,48074,5484,ZBk4V-uqcXs
2026-03-02 21:35:42,五月雨よ,8962943,177,72297,12749,3boaeE3dwMs
2026-03-02 21:35:42,無言の宇宙,6368454,144,53590,7427,7GZGTse6dUs
2026-03-02 21:35:42,Dead end,5612530,0,54011,7119,FEfJB32wvsk
2026-03-02 21:35:42,流れ弾,11354517,70,91791,22333,drCopBcrxRM
2026-03-02 21:35:42,思ったよりも寂しくない,4709023,86,51326,6372,D0W44Z3D3wo
2026-03-02 21:35:42,偶然の答え,5525175,0,58653,8006,_ZCf_iLMwn0
2026-03-02 21:35:42,BAN,13860836,71,97403,18304,fPZ37t3nvco
2026-03-02 21:35:42,Buddies,5775125,0,63000,9148,yT5S7Cy5cCE
2026-03-02 21:35:42,なぜ　恋をして来なかったんだろう？,14212887,17,110145,16958,S4gEJIyLHlM
2026-03-02 21:35:42,Nobady's fault,8394503,0,98682,15249,fagRTasDcKo
2026-03-02 22:54:01,光源,304743,3203,17923,3102,7pusekGNE-o
2026-03-02 22:54:01,The growing up train,1271950,1810,36187,14881,Rk54JNn7Qw4
2026-03-02 22:54:01,木枯らしは泣かない,1015311,141,22353,4714,aQ1iXj4oXfI
2026-03-02 22:54:01,Unhappy birthday構文,3449298,513,46979,29299,hBfDlIN0WtI
2026-03-02 22:54:01,Alter ego,1228836,215,22518,4219,gQ7l_hav-bA
2026-03-02 22:54:01,港区パセリ,1802567,165,23896,5590,aLu4oyQ2zdw
2026-03-02 22:54:01,死んだふり,1716894,157,30935,5157,WNH_ReRMt5k
2026-03-02 22:54:01,Make or Break,2946058,233,42491,13169,nTxTTZ0QLrI
2026-03-02 22:54:01,Addiction,3194829,215,43813,10135,ReuFa_D1Vok
2026-03-02 22:54:01,Nightmare症候群,1940242,146,32464,6493,Grx5AhU14QU
2026-03-02 22:54:01,Nothing special,1487499,62,25117,5345,WdUBD5slEnc
2026-03-02 22:54:01,UDAGAWA GENERATION,5920567,337,58400,22545,qP52sh7PzYA
2026-03-02 22:54:01,本質的なこと,2575227,149,33183,6055,iZhbx2mcmug
2026-03-02 22:54:01,僕は僕を好きになれない,1933519,92,29658,8757,Ktu_LGjGd7A
2026-03-02 22:54:01,引きこもる時間はない,1966516,7,26205,4465,KYvq8-xY1Gg
2026-03-02 22:54:01,愛し合いなさい,1551023,0,24582,5810,MAP3cnAexxM
2026-03-02 22:54:01,自業自得,9199307,214,80239,49585,Rs-Y9MtHsoo
2026-03-02 22:54:01,何度　LOVE SONGの歌詞を読み返しただろう,4029270,124,36781,6742,tltXZSiAAdQ
2026-03-02 22:54:01,油を注せ！,2098075,94,27523,11394,x9a0_2aGeWU
2026-03-02 22:54:01,何歳の頃に戻りたいのか？,9038834,202,70807,27031,7xx66mR_HeE
2026-03-02 22:54:01,君がサヨナラ言えたって・・・,1330012,49,26181,4731,1SQWKDr_GfA
2026-03-02 22:54:01,隙間風よ,2846516,62,31804,8981,5Z4emyH-fME
2026-03-02 22:54:01,マモリビト,2761733,54,30601,9392,I8JZbNTl5rM
2026-03-02 22:54:01,承認欲求,8423344,144,70287,24835,x_BjvhMW9TE
2026-03-02 22:54:01,ドローン旋回中,2612536,62,31083,6110,rNwzfyr07SM
2026-03-02 22:54:01,静寂の暴力,6406605,244,52822,11878,uhbvX4GUrpE
2026-03-02 22:54:01,Start over!,14298480,283,107964,64515,YJRFD1AdaUE
2026-03-02 22:54:01,夏の近道,8390973,202,55337,12187,nV1DHIWSdEo
2026-03-02 22:54:01,Cool,3887191,106,38143,10893,XEKPn3WbksE
2026-03-02 22:54:01,桜月,10474808,264,68688,28882,zKLgrxHDgls
2026-03-02 22:54:01,その日まで,2596803,20,55278,5242,F2lWsUJotmc
2026-03-02 22:54:01,摩擦係数,9624581,94,72616,14177,D8piCp9XMKA
2026-03-02 22:54:01,車間距離,2257477,0,28854,3221,MKXSWXlSOB0
2026-03-02 22:54:01,僕のジレンマ,3787832,21,48073,5484,ZBk4V-uqcXs
2026-03-02 22:54:01,五月雨よ,8963022,79,72296,12749,3boaeE3dwMs
2026-03-02 22:54:01,無言の宇宙,6368495,41,53590,7427,7GZGTse6dUs
2026-03-02 22:54:01,Dead end,5612672,142,54012,7119,FEfJB32wvsk
2026-03-02 22:54:01,流れ弾,11354612,95,91791,22333,drCopBcrxRM
2026-03-02 22:54:01,思ったよりも寂しくない,4709023,0,51326,6372,D0W44Z3D3wo
2026-03-02 22:54:01,偶然の答え,5525293,118,58654,8006,_ZCf_iLMwn0
2026-03-02 22:54:01,BAN,13860916,80,97403,18304,fPZ37t3nvco
2026-03-02 22:54:01,Buddies,5775192,67,63001,9149,yT5S7Cy5cCE
2026-03-02 22:54:01,なぜ　恋をして来なかったんだろう？,14213060,173,110145,16958,S4gEJIyLHlM
2026-03-02 22:54:01,Nobady's fault,8394609,106,98681,15249,fagRTasDcKo
2026-03-02 23:37:13,光源,306429,1686,17957,3122,7pusekGNE-o
2026-03-02 23:37:13,The growing up train,1272665,715,36191,14888,Rk54JNn7Qw4
2026-03-02 23:37:13,木枯らしは泣かない,1015394,83,22355,4714,aQ1iXj4oXfI
2026-03-02 23:37:13,Unhappy birthday構文,3449532,234,46979,29299,hBfDlIN0WtI
2026-03-02 23:37:13,Alter ego,1228917,81,22518,4219,gQ7l_hav-bA
2026-03-02 23:37:13,港区パセリ,1802661,94,23896,5590,aLu4oyQ2zdw
2026-03-02 23:37:13,死んだふり,1716964,70,30935,5157,WNH_ReRMt5k
2026-03-02 23:37:13,Make or Break,2946159,101,42492,13169,nTxTTZ0QLrI
2026-03-02 23:37:13,Addiction,3194912,83,43813,10135,ReuFa_D1Vok
2026-03-02 23:37:13,Nightmare症候群,1940311,69,32467,6493,Grx5AhU14QU
2026-03-02 23:37:13,Nothing special,1487526,27,25117,5345,WdUBD5slEnc
2026-03-02 23:37:13,UDAGAWA GENERATION,5920706,139,58400,22545,qP52sh7PzYA
2026-03-02 23:37:13,本質的なこと,2575284,57,33183,6055,iZhbx2mcmug
2026-03-02 23:37:13,僕は僕を好きになれない,1933582,63,29659,8757,Ktu_LGjGd7A
2026-03-02 23:37:13,引きこもる時間はない,1966607,91,26205,4465,KYvq8-xY1Gg
2026-03-02 23:37:13,愛し合いなさい,1551069,46,24582,5810,MAP3cnAexxM
2026-03-02 23:37:13,自業自得,9199415,108,80239,49586,Rs-Y9MtHsoo
2026-03-02 23:37:13,何度　LOVE SONGの歌詞を読み返しただろう,4029346,76,36783,6742,tltXZSiAAdQ
2026-03-02 23:37:13,油を注せ！,2098117,42,27524,11394,x9a0_2aGeWU
2026-03-02 23:37:13,何歳の頃に戻りたいのか？,9038941,107,70807,27031,7xx66mR_HeE
2026-03-02 23:37:13,君がサヨナラ言えたって・・・,1330025,13,26181,4731,1SQWKDr_GfA
2026-03-02 23:37:13,隙間風よ,2846546,30,31804,8981,5Z4emyH-fME
2026-03-02 23:37:13,マモリビト,2761747,14,30601,9392,I8JZbNTl5rM
2026-03-02 23:37:13,承認欲求,8423398,54,70288,24835,x_BjvhMW9TE
2026-03-02 23:37:13,ドローン旋回中,2612536,0,31083,6110,rNwzfyr07SM
2026-03-02 23:37:13,静寂の暴力,6406697,92,52823,11878,uhbvX4GUrpE
2026-03-02 23:37:13,Start over!,14298610,130,107964,64515,YJRFD1AdaUE
2026-03-02 23:37:13,夏の近道,8391067,94,55337,12187,nV1DHIWSdEo
2026-03-02 23:37:13,Cool,3887241,50,38143,10893,XEKPn3WbksE
2026-03-02 23:37:13,桜月,10474928,120,68689,28882,zKLgrxHDgls
2026-03-02 23:37:13,その日まで,2596848,45,55278,5242,F2lWsUJotmc
2026-03-02 23:37:13,摩擦係数,9624632,51,72616,14177,D8piCp9XMKA
2026-03-02 23:37:13,車間距離,2257477,0,28854,3221,MKXSWXlSOB0
2026-03-02 23:37:13,僕のジレンマ,3787832,0,48073,5484,ZBk4V-uqcXs
2026-03-02 23:37:13,五月雨よ,8963076,54,72298,12749,3boaeE3dwMs
2026-03-02 23:37:13,無言の宇宙,6368546,51,53589,7427,7GZGTse6dUs
2026-03-02 23:37:13,Dead end,5612700,28,54012,7119,FEfJB32wvsk
2026-03-02 23:37:13,流れ弾,11354645,33,91791,22333,drCopBcrxRM
2026-03-02 23:37:13,思ったよりも寂しくない,4709047,24,51326,6372,D0W44Z3D3wo
2026-03-02 23:37:13,偶然の答え,5525326,33,58653,8006,_ZCf_iLMwn0
2026-03-02 23:37:13,BAN,13860953,37,97403,18304,fPZ37t3nvco
2026-03-02 23:37:13,Buddies,5775199,7,63001,9149,yT5S7Cy5cCE
2026-03-02 23:37:13,なぜ　恋をして来なかったんだろう？,14213115,55,110145,16958,S4gEJIyLHlM
2026-03-02 23:37:13,Nobady's fault,8394621,12,98681,15249,fagRTasDcKo
2026-03-03 00:33:38,光源,310782,4353,17997,3142,7pusekGNE-o
2026-03-03 00:33:38,The growing up train,1274712,2047,36196,14894,Rk54JNn7Qw4
2026-03-03 00:33:38,木枯らしは泣かない,1015537,143,22357,4714,aQ1iXj4oXfI
2026-03-03 00:33:38,Unhappy birthday構文,3449900,368,46978,29299,hBfDlIN0WtI
2026-03-03 00:33:38,Alter ego,1229096,179,22519,4219,gQ7l_hav-bA
2026-03-03 00:33:38,港区パセリ,1802866,205,23896,5590,aLu4oyQ2zdw
2026-03-03 00:33:38,死んだふり,1717134,170,30937,5157,WNH_ReRMt5k
2026-03-03 00:33:38,Make or Break,2946355,196,42492,13169,nTxTTZ0QLrI
2026-03-03 00:33:38,Addiction,3195115,203,43813,10135,ReuFa_D1Vok
2026-03-03 00:33:38,Nightmare症候群,1940779,468,32469,6493,Grx5AhU14QU
2026-03-03 00:33:38,Nothing special,1487628,102,25117,5345,WdUBD5slEnc
2026-03-03 00:33:38,UDAGAWA GENERATION,5921009,303,58399,22545,qP52sh7PzYA
2026-03-03 00:33:38,本質的なこと,2575427,143,33185,6055,iZhbx2mcmug
2026-03-03 00:33:38,僕は僕を好きになれない,1933621,39,29659,8757,Ktu_LGjGd7A
2026-03-03 00:33:38,引きこもる時間はない,1966674,67,26205,4465,KYvq8-xY1Gg
2026-03-03 00:33:38,愛し合いなさい,1551076,7,24582,5810,MAP3cnAexxM
2026-03-03 00:33:38,自業自得,9199581,166,80240,49586,Rs-Y9MtHsoo
2026-03-03 00:33:38,何度　LOVE SONGの歌詞を読み返しただろう,4029472,126,36784,6742,tltXZSiAAdQ
2026-03-03 00:33:38,油を注せ！,2098218,101,27525,11394,x9a0_2aGeWU
2026-03-03 00:33:38,何歳の頃に戻りたいのか？,9039142,201,70805,27031,7xx66mR_HeE
2026-03-03 00:33:38,君がサヨナラ言えたって・・・,1330041,16,26181,4731,1SQWKDr_GfA
2026-03-03 00:33:38,隙間風よ,2846589,43,31803,8981,5Z4emyH-fME
2026-03-03 00:33:38,マモリビト,2761747,0,30601,9392,I8JZbNTl5rM
2026-03-03 00:33:38,承認欲求,8423485,87,70287,24835,x_BjvhMW9TE
2026-03-03 00:33:38,ドローン旋回中,2612635,99,31082,6110,rNwzfyr07SM
2026-03-03 00:33:38,静寂の暴力,6406868,171,52827,11878,uhbvX4GUrpE
2026-03-03 00:33:38,Start over!,14298844,234,107964,64515,YJRFD1AdaUE
2026-03-03 00:33:38,夏の近道,8391235,168,55340,12187,nV1DHIWSdEo
2026-03-03 00:33:38,Cool,3887331,90,38142,10893,XEKPn3WbksE
2026-03-03 00:33:38,桜月,10475120,192,68689,28883,zKLgrxHDgls
2026-03-03 00:33:38,その日まで,2596879,31,55278,5242,F2lWsUJotmc
2026-03-03 00:33:38,摩擦係数,9624744,112,72616,14177,D8piCp9XMKA
2026-03-03 00:33:38,車間距離,2257519,42,28854,3221,MKXSWXlSOB0
2026-03-03 00:33:38,僕のジレンマ,3787832,0,48073,5484,ZBk4V-uqcXs
2026-03-03 00:33:38,五月雨よ,8963157,81,72300,12749,3boaeE3dwMs
2026-03-03 00:33:38,無言の宇宙,6368590,44,53589,7427,7GZGTse6dUs
2026-03-03 00:33:38,Dead end,5612746,46,54012,7119,FEfJB32wvsk
2026-03-03 00:33:38,流れ弾,11354706,61,91791,22333,drCopBcrxRM
2026-03-03 00:33:38,思ったよりも寂しくない,4709122,75,51326,6372,D0W44Z3D3wo
2026-03-03 00:33:38,偶然の答え,5525384,58,58653,8006,_ZCf_iLMwn0
2026-03-03 00:33:38,BAN,13861016,63,97403,18304,fPZ37t3nvco
2026-03-03 00:33:38,Buddies,5775199,0,63001,9149,yT5S7Cy5cCE
2026-03-03 00:33:38,なぜ　恋をして来なかったんだろう？,14213141,26,110145,16958,S4gEJIyLHlM
2026-03-03 00:33:38,Nobady's fault,8394613,-8,98681,15249,fagRTasDcKo
2026-03-03 01:33:22,光源,313628,2846,18023,3154,7pusekGNE-o
2026-03-03 01:33:22,The growing up train,1276324,1612,36197,14894,Rk54JNn7Qw4
2026-03-03 01:33:22,木枯らしは泣かない,1015677,140,22356,4714,aQ1iXj4oXfI
2026-03-03 01:33:22,Unhappy birthday構文,3450305,405,46978,29301,hBfDlIN0WtI
2026-03-03 01:33:22,Alter ego,1229278,182,22517,4219,gQ7l_hav-bA
2026-03-03 01:33:22,港区パセリ,1803039,173,23896,5590,aLu4oyQ2zdw
2026-03-03 01:33:22,死んだふり,1717274,140,30936,5157,WNH_ReRMt5k
2026-03-03 01:33:22,Make or Break,2946552,197,42492,13169,nTxTTZ0QLrI
2026-03-03 01:33:22,Addiction,3195313,198,43813,10135,ReuFa_D1Vok
2026-03-03 01:33:22,Nightmare症候群,1941083,304,32470,6493,Grx5AhU14QU
2026-03-03 01:33:22,Nothing special,1487717,89,25117,5345,WdUBD5slEnc
2026-03-03 01:33:22,UDAGAWA GENERATION,5921335,326,58399,22545,qP52sh7PzYA
2026-03-03 01:33:22,本質的なこと,2575568,141,33185,6055,iZhbx2mcmug
2026-03-03 01:33:22,僕は僕を好きになれない,1933662,41,29659,8757,Ktu_LGjGd7A
2026-03-03 01:33:22,引きこもる時間はない,1966724,50,26205,4465,KYvq8-xY1Gg
2026-03-03 01:33:22,愛し合いなさい,1551119,43,24581,5810,MAP3cnAexxM
2026-03-03 01:33:22,自業自得,9199800,219,80240,49586,Rs-Y9MtHsoo
2026-03-03 01:33:22,何度　LOVE SONGの歌詞を読み返しただろう,4029608,136,36784,6742,tltXZSiAAdQ
2026-03-03 01:33:22,油を注せ！,2098331,113,27525,11394,x9a0_2aGeWU
2026-03-03 01:33:22,何歳の頃に戻りたいのか？,9039370,228,70805,27031,7xx66mR_HeE
2026-03-03 01:33:22,君がサヨナラ言えたって・・・,1330041,0,26181,4731,1SQWKDr_GfA
2026-03-03 01:33:22,隙間風よ,2846619,30,31803,8981,5Z4emyH-fME
2026-03-03 01:33:22,マモリビト,2761866,119,30602,9393,I8JZbNTl5rM
2026-03-03 01:33:22,承認欲求,8423613,128,70288,24835,x_BjvhMW9TE
2026-03-03 01:33:22,ドローン旋回中,2612707,72,31081,6110,rNwzfyr07SM
2026-03-03 01:33:22,静寂の暴力,6407045,177,52827,11878,uhbvX4GUrpE
2026-03-03 01:33:22,Start over!,14299140,296,107964,64515,YJRFD1AdaUE
2026-03-03 01:33:22,夏の近道,8391426,191,55341,12187,nV1DHIWSdEo
2026-03-03 01:33:22,Cool,3887435,104,38142,10893,XEKPn3WbksE
2026-03-03 01:33:22,桜月,10475334,214,68691,28883,zKLgrxHDgls
2026-03-03 01:33:22,その日まで,2596879,0,55278,5242,F2lWsUJotmc
2026-03-03 01:33:22,摩擦係数,9624847,103,72616,14178,D8piCp9XMKA
2026-03-03 01:33:22,車間距離,2257556,37,28855,3221,MKXSWXlSOB0
2026-03-03 01:33:22,僕のジレンマ,3787832,0,48073,5484,ZBk4V-uqcXs
2026-03-03 01:33:22,五月雨よ,8963230,73,72300,12749,3boaeE3dwMs
2026-03-03 01:33:22,無言の宇宙,6368644,54,53589,7427,7GZGTse6dUs
2026-03-03 01:33:22,Dead end,5612795,49,54012,7119,FEfJB32wvsk
2026-03-03 01:33:22,流れ弾,11354791,85,91791,22333,drCopBcrxRM
2026-03-03 01:33:22,思ったよりも寂しくない,4709122,0,51326,6372,D0W44Z3D3wo
2026-03-03 01:33:22,偶然の答え,5525429,45,58654,8006,_ZCf_iLMwn0
2026-03-03 01:33:22,BAN,13861095,79,97403,18304,fPZ37t3nvco
2026-03-03 01:33:22,Buddies,5775199,0,63001,9149,yT5S7Cy5cCE
2026-03-03 01:33:22,なぜ　恋をして来なかったんだろう？,14213141,0,110145,16958,S4gEJIyLHlM
2026-03-03 01:33:22,Nobady's fault,8394712,99,98680,15249,fagRTasDcKo
2026-03-03 02:38:10,光源,314768,1140,18034,3162,7pusekGNE-o
2026-03-03 02:38:10,The growing up train,1276748,424,36200,14895,Rk54JNn7Qw4
2026-03-03 02:38:10,木枯らしは泣かない,1015782,105,22356,4714,aQ1iXj4oXfI
2026-03-03 02:38:10,Unhappy birthday構文,3450580,275,46979,29301,hBfDlIN0WtI
2026-03-03 02:38:10,Alter ego,1229399,121,22518,4219,gQ7l_hav-bA
2026-03-03 02:38:10,港区パセリ,1803164,125,23896,5590,aLu4oyQ2zdw
2026-03-03 02:38:10,死んだふり,1717378,104,30938,5157,WNH_ReRMt5k
2026-03-03 02:38:10,Make or Break,2946724,172,42492,13170,nTxTTZ0QLrI
2026-03-03 02:38:10,Addiction,3195397,84,43814,10135,ReuFa_D1Vok
2026-03-03 02:38:10,Nightmare症候群,1941246,163,32470,6493,Grx5AhU14QU
2026-03-03 02:38:10,Nothing special,1487751,34,25117,5345,WdUBD5slEnc
2026-03-03 02:38:10,UDAGAWA GENERATION,5921532,197,58400,22545,qP52sh7PzYA
2026-03-03 02:38:10,本質的なこと,2575669,101,33185,6055,iZhbx2mcmug
2026-03-03 02:38:10,僕は僕を好きになれない,1933672,10,29660,8757,Ktu_LGjGd7A
2026-03-03 02:38:10,引きこもる時間はない,1966738,14,26205,4465,KYvq8-xY1Gg
2026-03-03 02:38:10,愛し合いなさい,1551119,0,24581,5810,MAP3cnAexxM
2026-03-03 02:38:10,自業自得,9199893,93,80240,49586,Rs-Y9MtHsoo
2026-03-03 02:38:10,何度　LOVE SONGの歌詞を読み返しただろう,4029694,86,36784,6742,tltXZSiAAdQ
2026-03-03 02:38:10,油を注せ！,2098379,48,27525,11394,x9a0_2aGeWU
2026-03-03 02:38:10,何歳の頃に戻りたいのか？,9039461,91,70805,27031,7xx66mR_HeE
2026-03-03 02:38:10,君がサヨナラ言えたって・・・,1330041,0,26181,4731,1SQWKDr_GfA
2026-03-03 02:38:10,隙間風よ,2846634,15,31803,8981,5Z4emyH-fME
2026-03-03 02:38:10,マモリビト,2761897,31,30602,9393,I8JZbNTl5rM
2026-03-03 02:38:10,承認欲求,8423691,78,70288,24835,x_BjvhMW9TE
2026-03-03 02:38:10,ドローン旋回中,2612721,14,31081,6110,rNwzfyr07SM
2026-03-03 02:38:10,静寂の暴力,6407179,134,52828,11878,uhbvX4GUrpE
2026-03-03 02:38:10,Start over!,14299296,156,107965,64515,YJRFD1AdaUE
2026-03-03 02:38:10,夏の近道,8391554,128,55341,12188,nV1DHIWSdEo
2026-03-03 02:38:10,Cool,3887510,75,38142,10893,XEKPn3WbksE
2026-03-03 02:38:10,桜月,10475509,175,68691,28883,zKLgrxHDgls
2026-03-03 02:38:10,その日まで,2596935,56,55279,5242,F2lWsUJotmc
2026-03-03 02:38:10,摩擦係数,9624899,52,72617,14178,D8piCp9XMKA
2026-03-03 02:38:10,車間距離,2257567,11,28855,3221,MKXSWXlSOB0
2026-03-03 02:38:10,僕のジレンマ,3787934,102,48073,5484,ZBk4V-uqcXs
2026-03-03 02:38:10,五月雨よ,8963303,73,72300,12749,3boaeE3dwMs
2026-03-03 02:38:10,無言の宇宙,6368677,33,53589,7427,7GZGTse6dUs
2026-03-03 02:38:10,Dead end,5612815,20,54013,7119,FEfJB32wvsk
2026-03-03 02:38:10,流れ弾,11354857,66,91790,22333,drCopBcrxRM
2026-03-03 02:38:10,思ったよりも寂しくない,4709122,0,51326,6372,D0W44Z3D3wo
2026-03-03 02:38:10,偶然の答え,5525454,25,58654,8006,_ZCf_iLMwn0
2026-03-03 02:38:10,BAN,13861163,68,97402,18305,fPZ37t3nvco
2026-03-03 02:38:10,Buddies,5775262,63,63000,9149,yT5S7Cy5cCE
2026-03-03 02:38:10,なぜ　恋をして来なかったんだろう？,14213321,180,110144,16958,S4gEJIyLHlM
2026-03-03 02:38:10,Nobady's fault,8394736,24,98679,15249,fagRTasDcKo
2026-03-03 03:33:50,光源,316376,1608,18044,3164,7pusekGNE-o
2026-03-03 03:33:50,The growing up train,1277641,893,36202,14895,Rk54JNn7Qw4
2026-03-03 03:33:50,木枯らしは泣かない,1015793,11,22356,4714,aQ1iXj4oXfI
2026-03-03 03:33:50,Unhappy birthday構文,3450668,88,46979,29301,hBfDlIN0WtI
2026-03-03 03:33:50,Alter ego,1229337,-62,22519,4219,gQ7l_hav-bA
2026-03-03 03:33:50,港区パセリ,1803181,17,23896,5590,aLu4oyQ2zdw
2026-03-03 03:33:50,死んだふり,1717361,-17,30938,5157,WNH_ReRMt5k
2026-03-03 03:33:50,Make or Break,2946840,116,42493,13170,nTxTTZ0QLrI
2026-03-03 03:33:50,Addiction,3195493,96,43814,10135,ReuFa_D1Vok
2026-03-03 03:33:50,Nightmare症候群,1941445,199,32472,6493,Grx5AhU14QU
2026-03-03 03:33:50,Nothing special,1487758,7,25117,5345,WdUBD5slEnc
2026-03-03 03:33:50,UDAGAWA GENERATION,5921692,160,58400,22545,qP52sh7PzYA
2026-03-03 03:33:50,本質的なこと,2575672,3,33184,6055,iZhbx2mcmug
2026-03-03 03:33:50,僕は僕を好きになれない,1933693,21,29660,8757,Ktu_LGjGd7A
2026-03-03 03:33:50,引きこもる時間はない,1966765,27,26206,4465,KYvq8-xY1Gg
2026-03-03 03:33:50,愛し合いなさい,1551119,0,24581,5810,MAP3cnAexxM
2026-03-03 03:33:50,自業自得,9199999,106,80240,49586,Rs-Y9MtHsoo
2026-03-03 03:33:50,何度　LOVE SONGの歌詞を読み返しただろう,4029792,98,36784,6742,tltXZSiAAdQ
2026-03-03 03:33:50,油を注せ！,2098379,0,27525,11394,x9a0_2aGeWU
2026-03-03 03:33:50,何歳の頃に戻りたいのか？,9039563,102,70805,27031,7xx66mR_HeE
2026-03-03 03:33:50,君がサヨナラ言えたって・・・,1330081,40,26181,4731,1SQWKDr_GfA
2026-03-03 03:33:50,隙間風よ,2846647,13,31803,8981,5Z4emyH-fME
2026-03-03 03:33:50,マモリビト,2761901,4,30602,9393,I8JZbNTl5rM
2026-03-03 03:33:50,承認欲求,8423765,74,70287,24835,x_BjvhMW9TE
2026-03-03 03:33:50,ドローン旋回中,2612785,64,31081,6110,rNwzfyr07SM
2026-03-03 03:33:50,静寂の暴力,6407250,71,52828,11878,uhbvX4GUrpE
2026-03-03 03:33:50,Start over!,14299376,80,107965,64515,YJRFD1AdaUE
2026-03-03 03:33:50,夏の近道,8391641,87,55343,12188,nV1DHIWSdEo
2026-03-03 03:33:50,Cool,3887520,10,38142,10893,XEKPn3WbksE
2026-03-03 03:33:50,桜月,10475641,132,68690,28883,zKLgrxHDgls
2026-03-03 03:33:50,その日まで,2596938,3,55279,5242,F2lWsUJotmc
2026-03-03 03:33:50,摩擦係数,9624973,74,72617,14178,D8piCp9XMKA
2026-03-03 03:33:50,車間距離,2257567,0,28855,3221,MKXSWXlSOB0
2026-03-03 03:33:50,僕のジレンマ,3787931,-3,48073,5484,ZBk4V-uqcXs
2026-03-03 03:33:50,五月雨よ,8963370,67,72300,12749,3boaeE3dwMs
2026-03-03 03:33:50,無言の宇宙,6368711,34,53589,7427,7GZGTse6dUs
2026-03-03 03:33:50,Dead end,5612848,33,54013,7119,FEfJB32wvsk
2026-03-03 03:33:50,流れ弾,11354883,26,91790,22333,drCopBcrxRM
2026-03-03 03:33:50,思ったよりも寂しくない,4709140,18,51326,6372,D0W44Z3D3wo
2026-03-03 03:33:50,偶然の答え,5525454,0,58654,8006,_ZCf_iLMwn0
2026-03-03 03:33:50,BAN,13861183,20,97402,18305,fPZ37t3nvco
2026-03-03 03:33:50,Buddies,5775262,0,63000,9149,yT5S7Cy5cCE
2026-03-03 03:33:50,なぜ　恋をして来なかったんだろう？,14213380,59,110144,16958,S4gEJIyLHlM
2026-03-03 03:33:50,Nobady's fault,8394736,0,98679,15249,fagRTasDcKo
2026-03-03 04:31:41,光源,317142,766,18049,3167,7pusekGNE-o
2026-03-03 04:31:41,The growing up train,1278109,468,36202,14895,Rk54JNn7Qw4
2026-03-03 04:31:41,木枯らしは泣かない,1015850,57,22356,4714,aQ1iXj4oXfI
2026-03-03 04:31:41,Unhappy birthday構文,3450803,135,46979,29303,hBfDlIN0WtI
2026-03-03 04:31:41,Alter ego,1229397,60,22519,4219,gQ7l_hav-bA
2026-03-03 04:31:41,港区パセリ,1803243,62,23896,5590,aLu4oyQ2zdw
2026-03-03 04:31:41,死んだふり,1717389,28,30938,5157,WNH_ReRMt5k
2026-03-03 04:31:41,Make or Break,2946870,30,42493,13170,nTxTTZ0QLrI
2026-03-03 04:31:41,Addiction,3195552,59,43814,10135,ReuFa_D1Vok
2026-03-03 04:31:41,Nightmare症候群,1941541,96,32473,6493,Grx5AhU14QU
2026-03-03 04:31:41,Nothing special,1487751,-7,25117,5345,WdUBD5slEnc
2026-03-03 04:31:41,UDAGAWA GENERATION,5921746,54,58400,22545,qP52sh7PzYA
2026-03-03 04:31:41,本質的なこと,2575692,20,33184,6055,iZhbx2mcmug
2026-03-03 04:31:41,僕は僕を好きになれない,1933693,0,29660,8757,Ktu_LGjGd7A
2026-03-03 04:31:41,引きこもる時間はない,1966765,0,26206,4465,KYvq8-xY1Gg
2026-03-03 04:31:41,愛し合いなさい,1551119,0,24581,5810,MAP3cnAexxM
2026-03-03 04:31:41,自業自得,9200070,71,80240,49586,Rs-Y9MtHsoo
2026-03-03 04:31:41,何度　LOVE SONGの歌詞を読み返しただろう,4029795,3,36784,6742,tltXZSiAAdQ
2026-03-03 04:31:41,油を注せ！,2098393,14,27525,11394,x9a0_2aGeWU
2026-03-03 04:31:41,何歳の頃に戻りたいのか？,9039626,63,70805,27031,7xx66mR_HeE
2026-03-03 04:31:41,君がサヨナラ言えたって・・・,1330081,0,26181,4731,1SQWKDr_GfA
2026-03-03 04:31:41,隙間風よ,2846647,0,31803,8981,5Z4emyH-fME
2026-03-03 04:31:41,マモリビト,2761897,-4,30602,9393,I8JZbNTl5rM
2026-03-03 04:31:41,承認欲求,8423750,-15,70287,24835,x_BjvhMW9TE
2026-03-03 04:31:41,ドローン旋回中,2612721,-64,31081,6110,rNwzfyr07SM
2026-03-03 04:31:41,静寂の暴力,6407256,6,52828,11878,uhbvX4GUrpE
2026-03-03 04:31:41,Start over!,14299447,71,107965,64515,YJRFD1AdaUE
2026-03-03 04:31:41,夏の近道,8391692,51,55343,12188,nV1DHIWSdEo
2026-03-03 04:31:41,Cool,3887542,22,38142,10893,XEKPn3WbksE
2026-03-03 04:31:41,桜月,10475700,59,68690,28883,zKLgrxHDgls
2026-03-03 04:31:41,その日まで,2596958,20,55280,5242,F2lWsUJotmc
2026-03-03 04:31:41,摩擦係数,9625002,29,72617,14178,D8piCp9XMKA
2026-03-03 04:31:41,車間距離,2257566,-1,28855,3222,MKXSWXlSOB0
2026-03-03 04:31:41,僕のジレンマ,3787934,3,48073,5484,ZBk4V-uqcXs
2026-03-03 04:31:41,五月雨よ,8963391,21,72300,12749,3boaeE3dwMs
2026-03-03 04:31:41,無言の宇宙,6368711,0,53589,7427,7GZGTse6dUs
2026-03-03 04:31:41,Dead end,5612843,-5,54013,7119,FEfJB32wvsk
2026-03-03 04:31:41,流れ弾,11354901,18,91790,22333,drCopBcrxRM
2026-03-03 04:31:41,思ったよりも寂しくない,4709186,46,51326,6372,D0W44Z3D3wo
2026-03-03 04:31:41,偶然の答え,5525454,0,58654,8006,_ZCf_iLMwn0
2026-03-03 04:31:41,BAN,13861198,15,97402,18305,fPZ37t3nvco
2026-03-03 04:31:41,Buddies,5775262,0,63000,9149,yT5S7Cy5cCE
2026-03-03 04:31:41,なぜ　恋をして来なかったんだろう？,14213393,13,110144,16958,S4gEJIyLHlM
2026-03-03 04:31:41,Nobady's fault,8394736,0,98679,15249,fagRTasDcKo
2026-03-03 05:26:57,光源,317653,511,18054,3171,7pusekGNE-o
2026-03-03 05:26:57,The growing up train,1278430,321,36203,14897,Rk54JNn7Qw4
2026-03-03 05:26:57,木枯らしは泣かない,1015882,32,22356,4714,aQ1iXj4oXfI
2026-03-03 05:26:57,Unhappy birthday構文,3450884,81,46979,29303,hBfDlIN0WtI
2026-03-03 05:26:57,Alter ego,1229455,58,22519,4219,gQ7l_hav-bA
2026-03-03 05:26:57,港区パセリ,1803277,34,23896,5590,aLu4oyQ2zdw
2026-03-03 05:26:57,死んだふり,1717389,0,30938,5157,WNH_ReRMt5k
2026-03-03 05:26:57,Make or Break,2946921,51,42493,13170,nTxTTZ0QLrI
2026-03-03 05:26:57,Addiction,3195579,27,43814,10135,ReuFa_D1Vok
2026-03-03 05:26:57,Nightmare症候群,1941574,33,32473,6493,Grx5AhU14QU
2026-03-03 05:26:57,Nothing special,1487818,67,25117,5345,WdUBD5slEnc
2026-03-03 05:26:57,UDAGAWA GENERATION,5921803,57,58400,22545,qP52sh7PzYA
2026-03-03 05:26:57,本質的なこと,2575692,0,33184,6055,iZhbx2mcmug
2026-03-03 05:26:57,僕は僕を好きになれない,1933693,0,29660,8757,Ktu_LGjGd7A
2026-03-03 05:26:57,引きこもる時間はない,1966765,0,26206,4465,KYvq8-xY1Gg
2026-03-03 05:26:57,愛し合いなさい,1551127,8,24581,5810,MAP3cnAexxM
2026-03-03 05:26:57,自業自得,9200132,62,80240,49587,Rs-Y9MtHsoo
2026-03-03 05:26:57,何度　LOVE SONGの歌詞を読み返しただろう,4029818,23,36784,6742,tltXZSiAAdQ
2026-03-03 05:26:57,油を注せ！,2098397,4,27525,11394,x9a0_2aGeWU
2026-03-03 05:26:57,何歳の頃に戻りたいのか？,9039668,42,70805,27031,7xx66mR_HeE
2026-03-03 05:26:57,君がサヨナラ言えたって・・・,1330081,0,26181,4731,1SQWKDr_GfA
2026-03-03 05:26:57,隙間風よ,2846647,0,31803,8981,5Z4emyH-fME
2026-03-03 05:26:57,マモリビト,2761897,0,30602,9393,I8JZbNTl5rM
2026-03-03 05:26:57,承認欲求,8423767,17,70287,24835,x_BjvhMW9TE
2026-03-03 05:26:57,ドローン旋回中,2612784,63,31081,6110,rNwzfyr07SM
2026-03-03 05:26:57,静寂の暴力,6407276,20,52828,11878,uhbvX4GUrpE
2026-03-03 05:26:57,Start over!,14299506,59,107965,64515,YJRFD1AdaUE
2026-03-03 05:26:57,夏の近道,8391726,34,55343,12188,nV1DHIWSdEo
2026-03-03 05:26:57,Cool,3887574,32,38142,10893,XEKPn3WbksE
2026-03-03 05:26:57,桜月,10475748,48,68690,28883,zKLgrxHDgls
2026-03-03 05:26:57,その日まで,2596958,0,55280,5242,F2lWsUJotmc
2026-03-03 05:26:57,摩擦係数,9625026,24,72617,14178,D8piCp9XMKA
2026-03-03 05:26:57,車間距離,2257576,10,28855,3222,MKXSWXlSOB0
2026-03-03 05:26:57,僕のジレンマ,3787993,59,48073,5484,ZBk4V-uqcXs
2026-03-03 05:26:57,五月雨よ,8963391,0,72300,12749,3boaeE3dwMs
2026-03-03 05:26:57,無言の宇宙,6368711,0,53589,7427,7GZGTse6dUs
2026-03-03 05:26:57,Dead end,5612885,42,54014,7119,FEfJB32wvsk
2026-03-03 05:26:57,流れ弾,11354926,25,91790,22333,drCopBcrxRM
2026-03-03 05:26:57,思ったよりも寂しくない,4709186,0,51326,6372,D0W44Z3D3wo
2026-03-03 05:26:57,偶然の答え,5525529,75,58654,8006,_ZCf_iLMwn0
2026-03-03 05:26:57,BAN,13861198,0,97402,18305,fPZ37t3nvco
2026-03-03 05:26:57,Buddies,5775262,0,63000,9149,yT5S7Cy5cCE
2026-03-03 05:26:57,なぜ　恋をして来なかったんだろう？,14213393,0,110144,16958,S4gEJIyLHlM
2026-03-03 05:26:57,Nobady's fault,8394736,0,98679,15249,fagRTasDcKo
2026-03-03 06:24:32,光源,318123,470,18059,3176,7pusekGNE-o
2026-03-03 06:24:32,The growing up train,1278801,371,36203,14902,Rk54JNn7Qw4
2026-03-03 06:24:32,木枯らしは泣かない,1015882,0,22356,4714,aQ1iXj4oXfI
2026-03-03 06:24:32,Unhappy birthday構文,3450980,96,46979,29303,hBfDlIN0WtI
2026-03-03 06:24:32,Alter ego,1229503,48,22519,4219,gQ7l_hav-bA
2026-03-03 06:24:32,港区パセリ,1803295,18,23896,5591,aLu4oyQ2zdw
2026-03-03 06:24:32,死んだふり,1717389,0,30938,5157,WNH_ReRMt5k
2026-03-03 06:24:32,Make or Break,2946952,31,42493,13170,nTxTTZ0QLrI
2026-03-03 06:24:32,Addiction,3195579,0,43814,10135,ReuFa_D1Vok
2026-03-03 06:24:32,Nightmare症候群,1941634,60,32473,6493,Grx5AhU14QU
2026-03-03 06:24:32,Nothing special,1487819,1,25117,5345,WdUBD5slEnc
2026-03-03 06:24:32,UDAGAWA GENERATION,5921835,32,58400,22545,qP52sh7PzYA
2026-03-03 06:24:32,本質的なこと,2575763,71,33185,6055,iZhbx2mcmug
2026-03-03 06:24:32,僕は僕を好きになれない,1933693,0,29660,8757,Ktu_LGjGd7A
2026-03-03 06:24:32,引きこもる時間はない,1966822,57,26206,4465,KYvq8-xY1Gg
2026-03-03 06:24:32,愛し合いなさい,1551133,6,24581,5810,MAP3cnAexxM
2026-03-03 06:24:32,自業自得,9200168,36,80240,49588,Rs-Y9MtHsoo
2026-03-03 06:24:32,何度　LOVE SONGの歌詞を読み返しただろう,4029818,0,36784,6742,tltXZSiAAdQ
2026-03-03 06:24:32,油を注せ！,2098436,39,27525,11394,x9a0_2aGeWU
2026-03-03 06:24:32,何歳の頃に戻りたいのか？,9039712,44,70805,27031,7xx66mR_HeE
2026-03-03 06:24:32,君がサヨナラ言えたって・・・,1330099,18,26181,4731,1SQWKDr_GfA
2026-03-03 06:24:32,隙間風よ,2846680,33,31803,8981,5Z4emyH-fME
2026-03-03 06:24:32,マモリビト,2761953,56,30602,9393,I8JZbNTl5rM
2026-03-03 06:24:32,承認欲求,8423767,0,70287,24835,x_BjvhMW9TE
2026-03-03 06:24:32,ドローン旋回中,2612780,-4,31081,6110,rNwzfyr07SM
2026-03-03 06:24:32,静寂の暴力,6407276,0,52828,11878,uhbvX4GUrpE
2026-03-03 06:24:32,Start over!,14299545,39,107965,64515,YJRFD1AdaUE
2026-03-03 06:24:32,夏の近道,8391737,11,55343,12188,nV1DHIWSdEo
2026-03-03 06:24:32,Cool,3887594,20,38142,10893,XEKPn3WbksE
2026-03-03 06:24:32,桜月,10475796,48,68690,28883,zKLgrxHDgls
2026-03-03 06:24:32,その日まで,2596958,0,55280,5242,F2lWsUJotmc
2026-03-03 06:24:32,摩擦係数,9625037,11,72617,14178,D8piCp9XMKA
2026-03-03 06:24:32,車間距離,2257577,1,28855,3222,MKXSWXlSOB0
2026-03-03 06:24:32,僕のジレンマ,3787989,-4,48073,5484,ZBk4V-uqcXs
2026-03-03 06:24:32,五月雨よ,8963391,0,72300,12749,3boaeE3dwMs
2026-03-03 06:24:32,無言の宇宙,6368711,0,53589,7427,7GZGTse6dUs
2026-03-03 06:24:32,Dead end,5612885,0,54014,7119,FEfJB32wvsk
2026-03-03 06:24:32,流れ弾,11354938,12,91790,22333,drCopBcrxRM
2026-03-03 06:24:32,思ったよりも寂しくない,4709206,20,51326,6372,D0W44Z3D3wo
2026-03-03 06:24:32,偶然の答え,5525529,0,58654,8006,_ZCf_iLMwn0
2026-03-03 06:24:32,BAN,13861249,51,97403,18305,fPZ37t3nvco
2026-03-03 06:24:32,Buddies,5775289,27,63001,9149,yT5S7Cy5cCE
2026-03-03 06:24:32,なぜ　恋をして来なかったんだろう？,14213393,0,110144,16958,S4gEJIyLHlM
2026-03-03 06:24:32,Nobady's fault,8394765,29,98679,15249,fagRTasDcKo
2026-03-03 07:19:26,光源,318616,493,18068,3182,7pusekGNE-o
2026-03-03 07:19:26,The growing up train,1279155,354,36204,14907,Rk54JNn7Qw4
2026-03-03 07:19:26,木枯らしは泣かない,1015882,0,22356,4714,aQ1iXj4oXfI
2026-03-03 07:19:26,Unhappy birthday構文,3451068,88,46979,29306,hBfDlIN0WtI
2026-03-03 07:19:26,Alter ego,1229545,42,22519,4219,gQ7l_hav-bA
2026-03-03 07:19:26,港区パセリ,1803295,0,23896,5591,aLu4oyQ2zdw
2026-03-03 07:19:26,死んだふり,1717471,82,30939,5157,WNH_ReRMt5k
2026-03-03 07:19:26,Make or Break,2946952,0,42493,13170,nTxTTZ0QLrI
2026-03-03 07:19:26,Addiction,3195579,0,43814,10135,ReuFa_D1Vok
2026-03-03 07:19:26,Nightmare症候群,1941657,23,32473,6493,Grx5AhU14QU
2026-03-03 07:19:26,Nothing special,1487818,-1,25117,5345,WdUBD5slEnc
2026-03-03 07:19:26,UDAGAWA GENERATION,5921835,0,58400,22545,qP52sh7PzYA
2026-03-03 07:19:26,本質的なこと,2575764,1,33185,6055,iZhbx2mcmug
2026-03-03 07:19:26,僕は僕を好きになれない,1933714,21,29660,8757,Ktu_LGjGd7A
2026-03-03 07:19:26,引きこもる時間はない,1966832,10,26206,4466,KYvq8-xY1Gg
2026-03-03 07:19:26,愛し合いなさい,1551143,10,24581,5810,MAP3cnAexxM
2026-03-03 07:19:26,自業自得,9200193,25,80240,49588,Rs-Y9MtHsoo
2026-03-03 07:19:26,何度　LOVE SONGの歌詞を読み返しただろう,4029818,0,36784,6742,tltXZSiAAdQ
2026-03-03 07:19:26,油を注せ！,2098430,-6,27525,11394,x9a0_2aGeWU
2026-03-03 07:19:26,何歳の頃に戻りたいのか？,9039712,0,70805,27031,7xx66mR_HeE
2026-03-03 07:19:26,君がサヨナラ言えたって・・・,1330101,2,26181,4731,1SQWKDr_GfA
2026-03-03 07:19:26,隙間風よ,2846681,1,31803,8981,5Z4emyH-fME
2026-03-03 07:19:26,マモリビト,2761947,-6,30602,9393,I8JZbNTl5rM
2026-03-03 07:19:26,承認欲求,8423767,0,70287,24835,x_BjvhMW9TE
2026-03-03 07:19:26,ドローン旋回中,2612784,4,31081,6110,rNwzfyr07SM
2026-03-03 07:19:26,静寂の暴力,6407276,0,52828,11878,uhbvX4GUrpE
2026-03-03 07:19:26,Start over!,14299545,0,107965,64515,YJRFD1AdaUE
2026-03-03 07:19:26,夏の近道,8391737,0,55343,12188,nV1DHIWSdEo
2026-03-03 07:19:26,Cool,3887620,26,38142,10893,XEKPn3WbksE
2026-03-03 07:19:26,桜月,10475838,42,68690,28883,zKLgrxHDgls
2026-03-03 07:19:26,その日まで,2596975,17,55280,5242,F2lWsUJotmc
2026-03-03 07:19:26,摩擦係数,9625037,0,72617,14178,D8piCp9XMKA
2026-03-03 07:19:26,車間距離,2257585,8,28857,3222,MKXSWXlSOB0
2026-03-03 07:19:26,僕のジレンマ,3787993,4,48073,5484,ZBk4V-uqcXs
2026-03-03 07:19:26,五月雨よ,8963466,75,72300,12749,3boaeE3dwMs
2026-03-03 07:19:26,無言の宇宙,6368768,57,53589,7427,7GZGTse6dUs
2026-03-03 07:19:26,Dead end,5612885,0,54014,7119,FEfJB32wvsk
2026-03-03 07:19:26,流れ弾,11354938,0,91790,22333,drCopBcrxRM
2026-03-03 07:19:26,思ったよりも寂しくない,4709215,9,51326,6372,D0W44Z3D3wo
2026-03-03 07:19:26,偶然の答え,5525529,0,58654,8006,_ZCf_iLMwn0
2026-03-03 07:19:26,BAN,13861260,11,97403,18306,fPZ37t3nvco
2026-03-03 07:19:26,Buddies,5775289,0,63001,9149,yT5S7Cy5cCE
2026-03-03 07:19:26,なぜ　恋をして来なかったんだろう？,14213467,74,110145,16958,S4gEJIyLHlM
2026-03-03 07:19:26,Nobady's fault,8394765,0,98679,15249,fagRTasDcKo
2026-03-03 08:17:15,光源,319332,716,18088,3190,7pusekGNE-o
2026-03-03 08:17:15,The growing up train,1279612,457,36206,14911,Rk54JNn7Qw4
2026-03-03 08:17:15,木枯らしは泣かない,1015990,108,22358,4714,aQ1iXj4oXfI
2026-03-03 08:17:15,Unhappy birthday構文,3451207,139,46979,29308,hBfDlIN0WtI
2026-03-03 08:17:15,Alter ego,1229593,48,22520,4219,gQ7l_hav-bA
2026-03-03 08:17:15,港区パセリ,1803395,100,23897,5591,aLu4oyQ2zdw
2026-03-03 08:17:15,死んだふり,1717510,39,30941,5157,WNH_ReRMt5k
2026-03-03 08:17:15,Make or Break,2946952,0,42493,13170,nTxTTZ0QLrI
2026-03-03 08:17:15,Addiction,3195722,143,43815,10135,ReuFa_D1Vok
2026-03-03 08:17:15,Nightmare症候群,1941657,0,32473,6493,Grx5AhU14QU
2026-03-03 08:17:15,Nothing special,1487861,43,25117,5346,WdUBD5slEnc
2026-03-03 08:17:15,UDAGAWA GENERATION,5921835,0,58400,22545,qP52sh7PzYA
2026-03-03 08:17:15,本質的なこと,2575824,60,33186,6056,iZhbx2mcmug
2026-03-03 08:17:15,僕は僕を好きになれない,1933717,3,29660,8757,Ktu_LGjGd7A
2026-03-03 08:17:15,引きこもる時間はない,1966832,0,26206,4466,KYvq8-xY1Gg
2026-03-03 08:17:15,愛し合いなさい,1551145,2,24581,5810,MAP3cnAexxM
2026-03-03 08:17:15,自業自得,9200271,78,80241,49589,Rs-Y9MtHsoo
2026-03-03 08:17:15,何度　LOVE SONGの歌詞を読み返しただろう,4029818,0,36784,6742,tltXZSiAAdQ
2026-03-03 08:17:15,油を注せ！,2098494,64,27525,11395,x9a0_2aGeWU
2026-03-03 08:17:15,何歳の頃に戻りたいのか？,9039789,77,70805,27032,7xx66mR_HeE
2026-03-03 08:17:15,君がサヨナラ言えたって・・・,1330097,-4,26181,4731,1SQWKDr_GfA
2026-03-03 08:17:15,隙間風よ,2846680,-1,31803,8981,5Z4emyH-fME
2026-03-03 08:17:15,マモリビト,2761953,6,30602,9393,I8JZbNTl5rM
2026-03-03 08:17:15,承認欲求,8423857,90,70287,24835,x_BjvhMW9TE
2026-03-03 08:17:15,ドローン旋回中,2612819,35,31081,6110,rNwzfyr07SM
2026-03-03 08:17:15,静寂の暴力,6407388,112,52828,11879,uhbvX4GUrpE
2026-03-03 08:17:15,Start over!,14299709,164,107966,64515,YJRFD1AdaUE
2026-03-03 08:17:15,夏の近道,8391854,117,55345,12188,nV1DHIWSdEo
2026-03-03 08:17:15,Cool,3887641,21,38142,10893,XEKPn3WbksE
2026-03-03 08:17:15,桜月,10475922,84,68690,28882,zKLgrxHDgls
2026-03-03 08:17:15,その日まで,2596975,0,55280,5242,F2lWsUJotmc
2026-03-03 08:17:15,摩擦係数,9625108,71,72618,14178,D8piCp9XMKA
2026-03-03 08:17:15,車間距離,2257585,0,28857,3222,MKXSWXlSOB0
2026-03-03 08:17:15,僕のジレンマ,3788014,21,48073,5484,ZBk4V-uqcXs
2026-03-03 08:17:15,五月雨よ,8963466,0,72300,12749,3boaeE3dwMs
2026-03-03 08:17:15,無言の宇宙,6368779,11,53589,7427,7GZGTse6dUs
2026-03-03 08:17:15,Dead end,5612914,29,54014,7119,FEfJB32wvsk
2026-03-03 08:17:15,流れ弾,11354938,0,91790,22333,drCopBcrxRM
2026-03-03 08:17:15,思ったよりも寂しくない,4709237,22,51327,6372,D0W44Z3D3wo
2026-03-03 08:17:15,偶然の答え,5525567,38,58654,8006,_ZCf_iLMwn0
2026-03-03 08:17:15,BAN,13861260,0,97403,18306,fPZ37t3nvco
2026-03-03 08:17:15,Buddies,5775289,0,63001,9149,yT5S7Cy5cCE
2026-03-03 08:17:15,なぜ　恋をして来なかったんだろう？,14213479,12,110145,16958,S4gEJIyLHlM
2026-03-03 08:17:15,Nobady's fault,8394764,-1,98679,15249,fagRTasDcKo
